{
    "net_emissions_change": 7387914841.331434,
    "net_emissions_change_pct": 0.8063364027634006,
    "residential_emissions_change": 95726125.4377265,
    "residential_emissions_change_pct": 0.043457797529333944,
    "sequestration_change": 342.71875,
    "sequestration_change_pct": 0.0011478735832497478,
    "population_change": 453871.99999999953,
    "population_change_pct": 0.19397665127522173,
    "landuse_change": 20.0,
    "landuse_change_pct": 0.02864508736751647,
    "transportation_emissions_change": 7292187729.308615,
    "transportation_emissions_change_pct": 1.0477455410977963
}